variante,MAE,MAE_réf,gain_global,lo_global,hi_global,n_global,verdict_global,gain_froid,lo_froid,hi_froid,n_froid,verdict_froid,gain_grand_froid,lo_grand_froid,hi_grand_froid,n_grand_froid,verdict_grand_froid
lgbm_1g,887.9660680418087,845.2952935589146,-5.046370225312719,-5.859294474506109,-4.264647894905708,2070,❌,-1.9987857800736535,-5.302245702419277,0.968698037265991,103,⚪,-4.312114639731282,-7.841220785315397,-1.5383473235624647,12,❌
lisse,880.1006386479273,845.2952935589146,-4.117708586856779,-9.7187317661063,1.1043353215686877,2070,⚪,24.74942308666129,10.767761659837593,39.557572583787454,103,✅,40.79687687713039,-3.5372258503627325,65.24835437775359,12,⚪
hybride,752.7005574768972,845.2952935589146,10.954344405010142,7.093435144018134,14.473039252898477,2070,✅,28.66314478512943,18.031855608730453,40.26625030666848,103,✅,47.35526723502516,11.419149422411625,66.43457816924989,12,✅
catboost,847.4579854101655,845.2952935589146,-0.25622358222869973,-1.8994856486502647,1.3430618846222286,2070,⚪,4.532891797254506,-0.710150403746485,9.470884012966541,103,⚪,0.5991955835974694,-13.02453451570591,10.901763314180869,12,⚪
mlp,718.6186385108842,845.2952935589146,14.98404656161087,12.124811236977937,17.69990896339546,2070,✅,21.80950240701552,8.987545617971977,34.955825202567176,103,✅,43.59771095705929,20.484117201708614,57.706090033215695,12,✅
mel_lgbm_hybride,725.3455498747963,845.2952935589146,14.189791353389532,12.34008838629672,15.858032886046022,2070,✅,20.719492739208494,15.287004127278779,26.146778184543223,103,✅,32.05797189274166,18.428909324614885,42.434136733559185,12,✅
mel_lgbm_catboost,814.9125462128828,845.2952935589146,3.5942630124207646,2.7252924582115203,4.389532816116786,2070,✅,4.771107051693717,1.7598408639703846,7.697039186712932,103,✅,1.6169163249139016,-4.712679069391841,6.734552972696467,12,⚪
mel_lgbm_mlp,714.9052398421793,845.2952935589146,15.424486824321932,14.073610539228646,16.790305218774808,2070,✅,18.51178821711018,12.330016812145539,24.971750409000826,103,✅,27.19451951610603,15.425713057737992,34.41874946384384,12,✅
mel_lgbm_lisse,774.0880556024575,845.2952935589146,8.422796653153258,5.777383802406925,10.841146786426032,2070,✅,20.054338083910807,12.776028910293714,27.34952027856625,103,✅,32.248617544270054,13.017874564889825,45.94692749427722,12,✅
mel_tous,704.2227291094171,845.2952935589146,16.688159595297773,14.407354261980919,18.819973500535113,2070,✅,24.909142207121363,18.05739699138613,32.08997852357162,103,✅,37.045663399526866,18.613017721934916,47.711696883517604,12,✅
mel_nnls,676.3494935956054,845.2952935589146,19.98560798772226,17.285018061224996,22.4642575096696,2070,✅,28.99620009805189,19.11468973712976,39.80663961533899,103,✅,49.18943731133438,25.543948072617866,62.19255149598079,12,✅
